"Modelo","DIC","pseudo_R2","sigma"
"A",2942.5832516251,0.313754757984383,0.424061030781556
"B",2723.83558652868,0.374544568295775,0.405801757798815
"C1",2723.39980389268,0.374674293446955,0.405735347841242
"D",2841.30370700749,0.340274967440137,0.415824779220374
