"parametro","media"
"alpha",2.82690279598917
"beta_temp",0.0836915647035181
"beta_hr",0.0200908895256332
"beta_sen",0.326003988877174
"beta_cos",0.185380428920951
"beta_lat",-0.0887773454178042
"beta_lon",0.00416146843850825
"sigma",0.415824779220374
"DIC",2841.30370700749
"pseudo_R2",0.340274967440137
