"parametro","media"
"alpha_adj",2.82949853677158
"beta_temp",0.104547352758278
"beta_hr",0.0459840831341522
"beta_sen",0.333095646761842
"beta_cos",0.214470399293757
"sigma",0.405692117780739
"DIC",2724.21516906141
"pseudo_R2",0.374983552053269
